{
  "n": 1000,
  "n_trials": 100,
  "seed": 0,
  "cs": [
    0.1,
    0.3,
    0.5,
    0.7,
    0.9,
    1.1,
    1.3,
    1.5,
    1.7,
    1.9,
    2.1,
    2.3,
    2.5,
    2.7,
    2.9,
    3.1,
    3.3,
    3.5,
    3.7,
    3.9,
    4.1,
    4.3,
    4.5,
    4.7,
    4.9,
    5.1,
    5.3,
    5.5,
    5.7,
    5.9,
    6.1,
    6.3,
    6.5,
    6.7,
    6.9,
    7.1,
    7.3,
    7.5,
    7.7,
    7.9,
    8.1,
    8.3,
    8.5,
    8.7,
    8.9,
    9.1,
    9.3,
    9.5,
    9.7,
    9.9,
    10.1,
    10.3,
    10.5,
    10.7,
    10.9,
    11.1,
    11.3,
    11.5,
    11.7,
    11.9,
    12.1,
    12.3,
    12.5,
    12.7,
    12.9,
    13.1,
    13.3,
    13.5,
    13.7,
    13.9,
    14.1,
    14.3,
    14.5,
    14.7,
    14.9
  ],
  "simple_greedy": {
    "mean": [
      0.9994868118424273,
      0.9946576134619718,
      0.9890044276324355,
      0.9805017936853676,
      0.9749785708639521,
      0.9652932000483395,
      0.958237419482385,
      0.9525945911034686,
      0.9458973854471101,
      0.9362372768822321,
      0.9307557525219101,
      0.9226850757010742,
      0.9167395405751968,
      0.9087515005946771,
      0.9036001006400306,
      0.897378587510878,
      0.8909527631487403,
      0.8851202308906839,
      0.8818942253033174,
      0.8770717251537153,
      0.8726677298875657,
      0.8689581944494545,
      0.8666487562555848,
      0.8652702970471995,
      0.8640270362912195,
      0.8665044566343265,
      0.8670769510937778,
      0.8693987253981591,
      0.871238612250054,
      0.8718365824178433,
      0.8760711572043043,
      0.8784955954502308,
      0.8800841766658369,
      0.8831260501421732,
      0.8859024733170725,
      0.8881705428646499,
      0.8908915080076301,
      0.893326222567312,
      0.8957950945962633,
      0.89914190008103,
      0.9010785567472559,
      0.9038135088035036,
      0.9051797132837138,
      0.9080286861506586,
      0.9093666218143522,
      0.9112521748018854,
      0.9130375063664505,
      0.9148449617503812,
      0.9168478134686779,
      0.9179869527331749,
      0.9206264166827105,
      0.9229232158630333,
      0.9243907553268004,
      0.9248380188101948,
      0.9266446012655942,
      0.9285260029779896,
      0.9296500827871833,
      0.9313086521956965,
      0.9324649705335957,
      0.9331710324362714,
      0.9347031491790169,
      0.9350568338077555,
      0.9366320401162685,
      0.9388934835399213,
      0.9393830660687038,
      0.9411745222777887,
      0.9416047671689632,
      0.9424576409441804,
      0.9430697061991851,
      0.9441262116625644,
      0.9453312102082042,
      0.9456348648648647,
      0.9468428828828828,
      0.9472746636817176,
      0.9486565065065063
    ],
    "std": [
      0.002941386604517703,
      0.005380993918448641,
      0.006625059214348156,
      0.006908824232663641,
      0.007348921234354079,
      0.008915562996350919,
      0.007440249112129544,
      0.0090595667113411,
      0.007677502037735638,
      0.008589059750294949,
      0.008701923436873406,
      0.008254891612277562,
      0.008566725510605297,
      0.009051755049608224,
      0.0077534960312978345,
      0.007514291764301855,
      0.008721673265028256,
      0.007175172866460857,
      0.008121543581831486,
      0.008296782945319655,
      0.008414976999105685,
      0.008124470036522738,
      0.006615096939076666,
      0.007397652015626295,
      0.009103056748449113,
      0.007754826782287511,
      0.007838263595897843,
      0.007175856553986641,
      0.00821674565192303,
      0.0074488762271686755,
      0.006765836626574269,
      0.007972516737567836,
      0.0076900021035639,
      0.007636138950053716,
      0.007474020059771263,
      0.006686031262645897,
      0.006647473251454792,
      0.006701934690382544,
      0.006649781082403005,
      0.006481526992668426,
      0.006873706216514342,
      0.005392301049292104,
      0.0063774590513372,
      0.006625653996018564,
      0.0058892113566490914,
      0.005197352596879581,
      0.006285243528959292,
      0.006233555544059897,
      0.005213866824564082,
      0.007090987270354975,
      0.006161538137189012,
      0.005637033088994042,
      0.005482021859312708,
      0.00524685042252635,
      0.005425852032642238,
      0.005622921290629893,
      0.005231062975531827,
      0.005839174163719574,
      0.005541785330412317,
      0.005279463202919956,
      0.004971341306949981,
      0.005238538328095203,
      0.005085391481686435,
      0.004952413531264266,
      0.0050010354379872324,
      0.005291535946523726,
      0.004771457277317817,
      0.004713941581437319,
      0.0047823306590254345,
      0.005601027716915785,
      0.00412736603960269,
      0.004193048529098939,
      0.004208920975135321,
      0.004546723554269567,
      0.004664386565784199
    ]
  },
  "ranking": {
    "mean": [
      0.9993587695143848,
      0.9952521510609407,
      0.988665915104328,
      0.9812780590940785,
      0.9756563842081263,
      0.9663848741642049,
      0.9588572815985343,
      0.9521356765673685,
      0.9451521698465907,
      0.936341174669047,
      0.9308660144521972,
      0.9228458607226834,
      0.9156752270780386,
      0.909064052737904,
      0.9035024821215605,
      0.8970996387159285,
      0.8910254476326762,
      0.8862831096961805,
      0.8810916589808905,
      0.875411235906236,
      0.872119296559217,
      0.8690979759845726,
      0.8675911307880725,
      0.864946287042942,
      0.865521643938459,
      0.8662629039718904,
      0.866921787671984,
      0.8687583984863088,
      0.871504381697128,
      0.8710941583078291,
      0.8760289140175114,
      0.878397138913458,
      0.880929891605163,
      0.8834299132131099,
      0.885850684245831,
      0.8877983653872852,
      0.891365686489854,
      0.8930024958398706,
      0.8954942747172234,
      0.8978240322543125,
      0.8995576629276104,
      0.9023533994878613,
      0.9052245833020338,
      0.9076764452395628,
      0.9088255495205231,
      0.9106786301250291,
      0.9124562991054659,
      0.9147758875220162,
      0.9168980599721592,
      0.918817401782422,
      0.9205571900078859,
      0.9221208594751518,
      0.924802410733014,
      0.9259096947865308,
      0.9272651824274345,
      0.9277560440238782,
      0.9293891492842046,
      0.9309588222247818,
      0.9319343100533554,
      0.9331317941810664,
      0.9352137196685618,
      0.9353369441385274,
      0.9377026815994349,
      0.93816337336945,
      0.9393434666295251,
      0.939873781356507,
      0.9416341662872796,
      0.9418371204237806,
      0.9427695462195663,
      0.9437760414522741,
      0.9461715907089454,
      0.9453247147147148,
      0.9458729029029029,
      0.9477349639820177,
      0.9486365565565563
    ],