{
  "n": 1000,
  "n_trials": 100,
  "seed": 0,
  "ds": [
    1,
    2,
    3,
    4,
    5,
    6,
    7,
    8,
    9,
    10,
    11,
    12,
    13,
    14,
    15,
    16,
    17,
    18,
    19,
    20,
    21,
    22,
    23,
    24,
    25,
    26,
    27,
    28,
    29,
    30
  ],
  "simple_greedy": {
    "mean": [
      1.0,
      0.9538502162157465,
      0.9173579980130229,
      0.8965980279982898,
      0.8905378934585072,
      0.8937808904810948,
      0.9030270951582052,
      0.9127870409565375,
      0.9202967327198036,
      0.9275306733806117,
      0.9338729186027693,
      0.9393886040510333,
      0.9433585985985985,
      0.9488511600578533,
      0.952278088088088,
      0.9555991691691691,
      0.957588798798799,
      0.9598700000000001,
      0.9624699999999998,
      0.9652399999999999,
      0.9669299999999998,
      0.9683799999999999,
      0.96994,
      0.9709399999999999,
      0.9718197197197198,
      0.9733300000000001,
      0.97393,
      0.9747999999999999,
      0.9754999999999998,
      0.9769999999999998
    ],
    "std": [
      0.0,
      0.006740166163747172,
      0.007634261011659998,
      0.00929435172476613,
      0.007481555451159995,
      0.006787325814866399,
      0.0064870319228719055,
      0.004958725562275956,
      0.005488071242557845,
      0.004977963141784585,
      0.005139612017001667,
      0.005392175933643955,
      0.004723247621024202,
      0.00417365056950662,
      0.004310695754466708,
      0.004051600348059448,
      0.004307783435266009,
      0.003788548534729366,
      0.00333902680432488,
      0.003717848840391447,
      0.003435855060970998,
      0.0031361760154685224,
      0.003331125935776073,
      0.0034433123587615487,
      0.0028683631004887836,
      0.002980117447350023,
      0.002874908694202307,
      0.0030692018506445645,
      0.0029614185789921723,
      0.003016620625799674
    ]
  },
  "ranking": {
    "mean": [
      1.0,
      0.953682317906988,
      0.917858455029808,
      0.8960952432273227,
      0.8900257677873717,
      0.89425207561303,
      0.9027948145668416,
      0.9114486743132043,
      0.9200266751784638,
      0.9278204544368563,
      0.9341624572589987,
      0.9389887949241131,
      0.9441889489489489,
      0.9487413403985147,
      0.9520080280280279,
      0.9549091691691691,
      0.9579787287287286,
      0.9599099999999998,
      0.9626199999999997,
      0.9644799999999998,
      0.96678,
      0.9682199999999999,
      0.9695199999999998,
      0.97067,
      0.9719097397397395,
      0.97309,
      0.97466,
      0.9753499999999999,
      0.9753400000000001,
      0.97669
    ],
    "std": [
      0.0,
      0.007408083071844401,
      0.007861393510819326,
      0.00781669961547801,
      0.007148539019696338,
      0.007181451168911182,
      0.006224183631082106,
      0.006018844595548698,
      0.005621171784615526,
      0.005252092107226176,
      0.004819247523389819,
      0.004953576671653709,
      0.004558129574319634,
      0.0043848488154360245,
      0.004088542469201638,
      0.004467301162331715,
      0.00388594163514342,
      0.003757911654097262,
      0.003956715809860499,
      0.003670095366608342,
      0.003966308107043631,
      0.0032359851668386894,
      0.003392580139068202,
      0.0033617108739449945,
      0.0034323197429605885,
      0.0034672611669731516,
      0.0033052080116083497,
      0.002808469333996726,
      0.0028990343219768913,
      0.003170788545456795
    ]
  },
  "feldman_ng": {
    "mean": [
      0.9845110131039244,
      0.876925157401963,
      0.8242240197351776,
      0.7845047250786478,
      0.7595488084958021,
      0.7456890655395358,
      0.736834828174315,
      0.7354621235440354,
      0.732672498230104,
      0.7317224094797089,
      0.7289638297880837,
      0.7297688535864424,
      0.7296665465465465,
      0.7288336585683879,
      0.7313589389389389,
      0.7298645345345345,
      0.7292618618618618,
      0.7292599999999999,
      0.73114,
      0.73129,
      0.7298,
      0.7299700000000001,
      0.72988,
      0.72945,
      0.7301971671671673,
      0.7300299999999997,
      0.72997,
      0.7297899999999999,
      0.72824,
      0.7308100000000001
    ],
    "std": [
      0.006330813085429594,
      0.010244138022422654,
      0.010197519053692553,
      0.008881421060744,
      0.008504199708762376,
      0.008722637237165846,
      0.00911914090994386,
      0.00867135785324073,
      0.009556765523814863,
      0.008711190625199582,
      0.008725165674697367,
      0.00841439241479771,
      0.010170974581856243,
      0.010300032622469096,
      0.009066899579840618,
      0.010397556459696913,
      0.008819530414332845,
      0.009790423892763795,
      0.009585426438088197,
      0.010125507394693867,
      0.008991106717195616,
      0.010806900573244866,
      0.009840000000000008,
      0.009605597326559143,
      0.008916029455762859,
      0.00953882068182436,
      0.009318213348061963,
      0.009566916953752664,
      0.00896450779463101,
      0.009443193315822787
    ]
  },
  "feldman_g": {
    "mean": [
      1.0,
      0.9679155678439376,
      0.9335717340124965,
      0.9094608683602883,
      0.9008265965165438,
      0.899855656687386,
      0.9053565846336724,
      0.9135502571728474,
      0.9210999096860216,
      0.9275815156753889,
      0.9324712547927413,
      0.9381676829097527,
      0.9424485085085085,
      0.946920869767563,
      0.950258008008008,
      0.9527990090090088,
      0.9560086386386386,
      0.9590499999999998,
      0.9612,
      0.9626699999999998,
      0.9651099999999999,
      0.9663799999999999,
      0.9688199999999999,
      0.9697,
      0.9707596996996998,
      0.9717899999999999,
      0.9726699999999999,
      0.9739699999999999,
      0.9752799999999999,
      0.9756900000000001
    ],
    "std": [
      0.0,
      0.005859386154762371,
      0.0065022932697604,
      0.007533647572066202,
      0.006846038929007956,
      0.006406750823531276,
      0.007583543037176007,
      0.00525263903463897,
      0.00604929652676537,
      0.00506144307383026,
      0.004976507497453835,
      0.005698146281307572,
      0.004162793690560328,
      0.0045564012954296155,
      0.004168159257651118,
      0.00410908952137486,
      0.003923481989410881,
      0.00397586468582622,
      0.0036660605559646754,
      0.0032064154440745846,
      0.0035210651797432015,
      0.003375736956577041,
      0.0034967985358038602,
      0.003103224129836583,
      0.0030891528586820104,
      0.003040707154594144,
      0.0034206870654884553,
      0.002801624528733287,
      0.0031593670252124902,
      0.002766568271342678
    ]
  },
  "jaillet_ng": {
    "mean": [
      0.9845110131039244,
      0.8944649813083981,
      0.850749281250253,
      0.8125746222561047,
      0.7908792303949678,
      0.7773577610001228,
      0.7707405620028335,
      0.76664664179664,
      0.7670792980259843,
      0.76766957569706,
      0.7640730102836066,
      0.7634170102626853,
      0.7631223423423424,
      0.763269524895637,
      0.7647504104104104,
      0.7634654554554555,
      0.7634528128128129,
      0.7645000000000003,
      0.7641999999999999,
      0.7625300000000002,
      0.76324,
      0.7632100000000003,
      0.7610100000000002,
      0.7619800000000001,
      0.7626475275275275,
      0.7619900000000002,
      0.7616700000000001,
      0.76247,
      0.76129,
      0.7633199999999999
    ],