{
  "graph": "clvb_zipf",
  "n": 1000,
  "n_trials": 100,
  "seed": 0,
  "mean": {
    "Ranking": 0.9463380225668853,
    "SimpleGreedy": 0.9165136093445047,
    "MPD": 0.9893494339371992,
    "MinDegree": 0.9958648798734999,
    "FeldmanEtAl": 0.8860481560295131,
    "FeldmanEtAl(g)": 0.9770309001091791,
    "FeldmanEtAl(MPD)": 0.981274004165169,
    "JailletLu": 0.900062875414396,
    "JailletLu(g)": 0.974386349713599,
    "JailletLu(MPD)": 0.9773907479660369
  },
  "std": {
    "Ranking": 0.009561976609330895,
    "SimpleGreedy": 0.009783949829895718,
    "MPD": 0.004678013976219162,
    "MinDegree": 0.002854998695908782,
    "FeldmanEtAl": 0.012560080619587221,
    "FeldmanEtAl(g)": 0.006413980424955381,
    "FeldmanEtAl(MPD)": 0.00618403862127485,
    "JailletLu": 0.012093777770927414,
    "JailletLu(g)": 0.007213355614203688,
    "JailletLu(MPD)": 0.006859259486423795
  }
}