{
  "graph": "left_regular",
  "n": 1000,
  "n_trials": 100,
  "seed": 0,
  "etas": [
    0.0,
    0.1,
    0.2,
    0.3,
    0.4,
    0.5,
    0.6,
    0.7,
    0.8,
    0.9,
    1.0
  ],
  "anchor_mindegree": 0.96570550643113,
  "anchor_ranking": 0.8906093313576469,
  "anchor_mpd0": 0.9324127595761417,
  "models": {
    "random_flip": {
      "ratio_mean": [
        0.9324127595761417,
        0.926831936514115,
        0.9192965228683794,
        0.9140447196476231,
        0.9087687024314609,
        0.9039704460771385,
        0.9000074979938399,
        0.8974229401039631,
        0.8946190071771345,
        0.8918680621311376,
        0.8891487195292911
      ],
      "ratio_std": [
        0.0063638598022343305,
        0.007012154727675375,
        0.007453536073504142,
        0.006816376150369868,
        0.007443736327869116,
        0.006628080295314961,
        0.007698454488444588,
        0.007380448026054982,
        0.006765747154540223,
        0.007250061605081745,
        0.007603595670851903
      ],
      "l1_mean": [
        0.0,
        0.08171631415710279,
        0.16059186831772007,
        0.24263076618825888,
        0.3247687029972707,
        0.40457693099986775,
        0.48656703547912394,
        0.5674130326435672,
        0.6499685074416149,
        0.7270713619028308,
        0.8114018944923853
      ],
      "order_error_mean": [
        0.0,
        0.08276955170912935,
        0.15372731120150837,
        0.22104575995164058,
        0.2801321674820272,
        0.3311944453886821,
        0.3771607315515755,
        0.41756498345899296,
        0.4512115793464833,
        0.47576702758201406,
        0.500550499281311
      ]
    },
    "systematic_bias": {
      "ratio_mean": [
        0.9324127595761417,
        0.9324127595761417,
        0.9324127595761417,
        0.9324127595761417,
        0.9324127595761417,
        0.9324127595761417,
        0.9324127595761417,
        0.9324127595761417,
        0.9324127595761417,
        0.9324127595761417,
        0.9324127595761417
      ],
      "ratio_std": [
        0.0063638598022343305,
        0.0063638598022343305,
        0.0063638598022343305,
        0.0063638598022343305,
        0.0063638598022343305,
        0.0063638598022343305,
        0.0063638598022343305,
        0.0063638598022343305,
        0.0063638598022343305,
        0.0063638598022343305,
        0.0063638598022343305
      ],
      "l1_mean": [
        0.0,
        0.10000000000000007,
        0.19999999999999993,
        0.3,
        0.39999999999999986,
        0.5,
        0.6000000000000001,
        0.7000000000000002,
        0.7999999999999998,
        0.9000000000000002,
        1.0
      ],
      "order_error_mean": [
        0.0,
        0.0,
        0.0,
        0.0,
        0.0,
        0.0,
        0.0,
        0.0,
        0.0,
        0.0,
        0.0
      ]
    },
    "adversarial": {
      "ratio_mean": [
        0.9324127595761417,
        0.9219663891467452,
        0.9126592537233621,
        0.902008830564844,
        0.8940830265217654,
        0.8848602350111088,
        0.8783533603281605,
        0.8721222532130875,
        0.8638993102925445,
        0.8589420218658881,
        0.8525586576143023
      ],
      "ratio_std": [
        0.0063638598022343305,
        0.006464465122372891,
        0.0067016635705132365,
        0.007582615379715903,
        0.008341865386838216,
        0.008573450496896244,
        0.0075731525293097615,
        0.008366676190983455,
        0.007467364997795854,
        0.006824666978237341,
        0.00729123889365521
      ],
      "l1_mean": [
        0.0,
        0.09924399999999999,
        0.19627199999999997,
        0.29734,
        0.3950000000000001,
        0.49447199999999997,
        0.592592,
        0.689516,
        0.7899559999999998,
        0.888092,
        0.9869760000000001
      ],
      "order_error_mean": [
        0.0,
        0.10337924516945068,
        0.20260473256115957,
        0.3041307507440191,
        0.4019477377101685,
        0.5012443639022753,
        0.5985959465595536,
        0.6957952977157217,
        0.7967650006842656,
        0.896889508762251,
        1.0
      ]
    },
    "distribution_drift": {
      "ratio_mean": [
        0.9324127595761417,
        0.9327955521817677,
        0.9314577893381562,
        0.9294283863405525,
        0.9247435234039785,
        0.91794752631889,
        0.9115441238263822,
        0.9042598719114343,
        0.8986540731294588,
        0.8949606344256822,
        0.89003516331602
      ],
      "ratio_std": [
        0.0063638598022343305,
        0.006126895485386297,
        0.006344374944212215,
        0.006465190361102996,
        0.006721753815003994,
        0.005837196360751881,
        0.006486358240656296,
        0.007620379757203682,
        0.007669477339513639,
        0.007840210622291663,
        0.008158948612502707
      ],
      "l1_mean": [
        0.0,
        0.04972239999999999,
        0.09944479999999999,
        0.14916720000000003,
        0.19888960000000006,
        0.248612,
        0.2983344,
        0.3480567999999999,
        0.39777919999999994,
        0.44750160000000005,
        0.497224
      ],
      "order_error_mean": [
        0.0,
        0.029827016561532284,
        0.056108584545735044,
        0.10385864313938209,
        0.1677517768601379,
        0.2239348244617136,
        0.29783924023908703,
        0.36452713767365547,
        0.41356477519754653,
        0.4395212344928005,
        0.5005946443491467
      ]
    }
  }
}