{
  "graph": "clvb_zipf",
  "n": 1000,
  "n_trials": 100,
  "seed": 0,
  "etas": [
    0.0,
    0.1,
    0.2,
    0.3,
    0.4,
    0.5,
    0.6,
    0.7,
    0.8,
    0.9,
    1.0
  ],
  "anchor_mindegree": 0.9956398857693468,
  "anchor_ranking": 0.9468641487922658,
  "anchor_mpd0": 0.9886959408671129,
  "models": {
    "random_flip": {
      "ratio_mean": [
        0.9886959408671129,
        0.9804476359606967,
        0.9744592621504841,
        0.9674055237241448,
        0.9611168096753646,
        0.956782102231147,
        0.9532088426201452,
        0.9508484357396172,
        0.9489043746570868,
        0.9478731006685243,
        0.9477096861766822
      ],
      "ratio_std": [
        0.004629772688951338,
        0.006394284258606191,
        0.00730588915435573,
        0.00805436219281962,
        0.008587972469478086,
        0.008242814491194935,
        0.008339417235483308,
        0.008440675807008236,
        0.008413941206819923,
        0.009436783213077154,
        0.008420292243686121
      ],
      "l1_mean": [
        0.0,
        6.641403253653391,
        13.068343081678439,
        19.56226847864864,
        26.257972625805504,
        32.71854043142991,
        39.280671278225384,
        45.881199334925114,
        52.740542847353346,
        58.988452856075185,
        65.5913556608332
      ],
      "order_error_mean": [
        0.0,
        0.10466145861566672,
        0.19309278791441048,
        0.2662566887746487,
        0.3309947651051281,
        0.38147264523414603,
        0.42389770624976547,
        0.4559705384765177,
        0.48057448345584475,
        0.4933123874027293,
        0.5011478579376946
      ]
    },
    "systematic_bias": {
      "ratio_mean": [
        0.9886959408671129,
        0.9886959408671129,
        0.9886959408671129,
        0.9886959408671129,
        0.9886959408671129,
        0.9886959408671129,
        0.9886959408671129,
        0.9886959408671129,
        0.9886959408671129,
        0.9886959408671129,
        0.9886959408671129
      ],
      "ratio_std": [
        0.004629772688951338,
        0.004629772688951338,
        0.004629772688951338,
        0.004629772688951338,
        0.004629772688951338,
        0.004629772688951338,
        0.004629772688951338,
        0.004629772688951338,
        0.004629772688951338,
        0.004629772688951338,
        0.004629772688951338
      ],
      "l1_mean": [
        0.0,
        0.10000000000000007,
        0.19999999999999993,
        0.30000000000000004,
        0.39999999999999986,
        0.5,
        0.6000000000000001,
        0.7,
        0.8,
        0.9000000000000002,
        1.0
      ],
      "order_error_mean": [
        0.0,
        0.0,
        0.0,
        0.0,
        0.0,
        0.0,
        0.0,
        0.0,
        0.0,
        0.0,
        0.0
      ]
    },
    "adversarial": {
      "ratio_mean": [
        0.9886959408671129,
        0.9799910041162291,
        0.9709810492087928,
        0.9613549053422419,
        0.954493572676178,
        0.9452577438612701,
        0.938221375880716,
        0.9298167830048463,
        0.9233584090018309,
        0.9151614006504869,
        0.9078465827982207
      ],
      "ratio_std": [
        0.004629772688951338,
        0.006516453389642763,
        0.006773962276423657,
        0.007640806206701702,
        0.00941567821929199,
        0.009034951532253426,
        0.00877804154514859,
        0.009929644425997834,
        0.010420359749903576,
        0.010620709993153796,
        0.010162917895319909
      ],
      "l1_mean": [
        0.0,
        13.112047149053435,
        26.215803240678905,
        39.33389768846708,
        52.44953372578707,
        65.5599227517976,
        78.6631042331365,
        91.79284855771351,
        104.89808792084592,
        118.0099912766548,
        131.12542851746616
      ],
      "order_error_mean": [
        0.0,
        0.10997909281510619,
        0.21108218823329483,
        0.31061756755323044,
        0.4062007982250108,
        0.5000186040657024,
        0.5939761237233018,
        0.6895426436275873,
        0.7878778382769893,
        0.8894714711961678,
        1.0
      ]
    },
    "distribution_drift": {
      "ratio_mean": [
        0.9886959408671129,
        0.9891260196598001,
        0.9887749820462957,
        0.9880032823435895,
        0.9863631608540265,
        0.9843886878097727,
        0.9824895338885908,
        0.9801702873694339,
        0.9785641993956351,
        0.9779719485495062,
        0.9732639577227467
      ],
      "ratio_std": [
        0.004629772688951338,
        0.0045416227755171,
        0.004675791900873683,
        0.004701694733479571,
        0.0050388080007308066,
        0.005264142824528226,
        0.00580585128895307,
        0.0062626324062866065,
        0.0061830318270012985,
        0.0062898029999184975,
        0.007059136770112456
      ],
      "l1_mean": [
        0.0,
        0.039256289764359846,
        0.0785125795287197,
        0.11776886929307953,
        0.1570251590574394,
        0.19628144882179924,
        0.23553773858615906,
        0.2747940283505189,
        0.3140503181148788,
        0.3533066078792386,
        0.3925628976435985
      ],
      "order_error_mean": [
        0.0,
        0.042224754061268736,
        0.04627368448839458,
        0.0603134039644169,
        0.092249847747366,
        0.11795639106581592,
        0.16990856259785392,
        0.20246415870066867,
        0.21754364016253724,
        0.2207680183633483,
        0.2912694500289364
      ]
    }
  }
}