{
  "graph": "left_regular",
  "n": 1000,
  "n_trials": 100,
  "seed": 0,
  "mean": {
    "Ranking": 0.8910190192650477,
    "SimpleGreedy": 0.8900637527211732,
    "MPD": 0.9325235526039012,
    "MinDegree": 0.9659731756143515,
    "FeldmanEtAl": 0.7589430904007622,
    "FeldmanEtAl(g)": 0.8994483744974883,
    "FeldmanEtAl(MPD)": 0.9042615944108645,
    "JailletLu": 0.7897454287598116,
    "JailletLu(g)": 0.8997667421156685,
    "JailletLu(MPD)": 0.9026978163771393
  },
  "std": {
    "Ranking": 0.008693025117213813,
    "SimpleGreedy": 0.007592960821753318,
    "MPD": 0.006552776444814923,
    "MinDegree": 0.005615646703213973,
    "FeldmanEtAl": 0.0090400041895774,
    "FeldmanEtAl(g)": 0.006644668472715903,
    "FeldmanEtAl(MPD)": 0.006641094726815519,
    "JailletLu": 0.00997520090347569,
    "JailletLu(g)": 0.006834883455210135,
    "JailletLu(MPD)": 0.007119895811565508
  }
}