{
  "n": 1000,
  "exponent": 1.0,
  "n_trials": 40,
  "etas": [
    0.0,
    0.1,
    0.2,
    0.3,
    0.4,
    0.5,
    0.6,
    0.7,
    0.8,
    0.9,
    1.0
  ],
  "models": {
    "random_flip": {
      "eta": [
        0.0,
        0.1,
        0.2,
        0.3,
        0.4,
        0.5,
        0.6,
        0.7,
        0.8,
        0.9,
        1.0
      ],
      "loss": [
        0.0,
        4.075,
        8.525,
        11.65,
        14.475,
        16.8,
        17.925,
        19.325,
        22.15,
        21.125,
        21.65
      ],
      "n_minus_lis": [
        0.0,
        100.425,
        200.575,
        296.575,
        397.75,
        498.325,
        582.75,
        619.825,
        646.625,
        663.0,
        665.775
      ],
      "kendall": [
        3.053113317719181e-17,
        0.10295935124995648,
        0.1949438508380373,
        0.2670260324904984,
        0.3297458996423284,
        0.3853123418378844,
        0.4227690610068275,
        0.4593039777687681,
        0.4778200485461587,
        0.4952236872130527,
        0.5006269507483471
      ]
    },
    "systematic_bias": {
      "eta": [
        0.0,
        0.1,
        0.2,
        0.3,
        0.4,
        0.5,
        0.6,
        0.7,
        0.8,
        0.9,
        1.0
      ],
      "loss": [
        0.0,
        0.0,
        0.0,
        0.0,
        0.0,
        0.0,
        0.0,
        0.0,
        0.0,
        0.0,
        0.0
      ],
      "n_minus_lis": [
        0.0,
        0.0,
        0.0,
        0.0,
        0.0,
        0.0,
        0.0,
        0.0,
        0.0,
        0.0,
        0.0
      ],
      "kendall": [
        3.053113317719181e-17,
        3.053113317719181e-17,
        3.053113317719181e-17,
        3.053113317719181e-17,
        3.053113317719181e-17,
        3.053113317719181e-17,
        3.053113317719181e-17,
        3.053113317719181e-17,
        3.053113317719181e-17,
        3.053113317719181e-17,
        3.053113317719181e-17
      ]
    },
    "adversarial": {
      "eta": [
        0.0,
        0.1,
        0.2,
        0.3,
        0.4,
        0.5,
        0.6,
        0.7,
        0.8,
        0.9,
        1.0
      ],
      "loss": [
        0.0,
        5.175,
        9.375,
        13.025,
        17.9,
        20.625,
        26.0,
        30.3,
        33.5,
        37.65,
        41.7
      ],
      "n_minus_lis": [
        0.0,
        99.85,
        199.875,
        299.775,
        399.525,
        499.325,
        587.275,
        622.55,
        651.4,
        669.275,
        673.0
      ],
      "kendall": [
        3.053113317719181e-17,
        0.10867851056117066,
        0.21185797611545792,
        0.30883860750908665,
        0.40650737688563243,
        0.500006201374436,
        0.5940457149286782,
        0.6890435832594484,
        0.7874263102785515,
        0.8910111426515069,
        1.0
      ]
    },
    "distribution_drift": {
      "eta": [
        0.0,
        0.1,
        0.2,
        0.3,
        0.4,
        0.5,
        0.6,
        0.7,
        0.8,
        0.9,
        1.0
      ],
      "loss": [
        0.0,
        -0.1,
        0.25,
        0.575,
        1.425,
        2.525,
        3.475,
        4.625,
        5.475,
        5.825,
        8.125
      ],
      "n_minus_lis": [
        0.0,
        11.975,
        85.75,
        159.125,
        283.575,
        452.425,
        470.575,
        473.575,
        474.3,
        474.75,
        611.35
      ],
      "kendall": [
        3.053113317719181e-17,
        0.042212676263638206,
        0.04623129781562489,
        0.060258759210334856,
        0.09221629759952407,
        0.11784900758789944,
        0.16968287422803824,
        0.2019297381734118,
        0.21696877859785144,
        0.2202508605942791,
        0.2906907858175655
      ]
    }
  }
}