{
  "n": 6016,
  "R": 16,
  "k": 2,
  "reversal": {
    "caps": [
      200,
      500,
      1000,
      2000,
      4000
    ],
    "cache_affinity": [
      0.04424419548628024,
      0.044480361333746624,
      0.04575713294661176,
      0.05454693058200121,
      0.08360271000309967
    ],
    "least_loaded": [
      0.04531432198261229,
      0.05159485748867142,
      0.06154334381319281,
      0.06983128902271621,
      0.08470973741309835
    ],
    "consistent_hash": [
      0.07104163899098141,
      0.15291000605174984,
      0.24683759169877045,
      0.3118865223102924,
      0.3346986671389984
    ]
  },
  "consistent_hash_at_Bfix": 0.15291000605174984,
  "B_fix": 500,
  "forecast": {
    "perfect": {
      "l1": 0.0,
      "forecast_home": 0.16699877488966627,
      "adaptive": 0.1497955689382869,
      "followed": false
    },
    "stale\n(conv older half)": {
      "l1": 0.9448262654533875,
      "forecast_home": 0.16217213538207206,
      "adaptive": 0.15142658932235162,
      "followed": false
    },
    "wrong workload\n(toolagent)": {
      "l1": 0.9903320051983818,
      "forecast_home": 0.1543122407710815,
      "adaptive": 0.15264431947335017,
      "followed": false
    }
  }
}