{
  "params": {
    "n": 400,
    "noise2": 0.05,
    "exponents": [
      0.3,
      0.6,
      1.0,
      1.4
    ],
    "noises": [
      0.0,
      0.3,
      0.6,
      1.0,
      1.5
    ]
  },
  "grid": {
    "0.3|0.0": {
      "ratio_mse": 0.9962500000000001,
      "ratio_rank": 0.9962500000000001,
      "ratio_oracle": 0.9960625000000001,
      "ratio_floor": 0.983625,
      "advantage": 0.0,
      "tau_mse": 0.006275938345651294,
      "tau_rank": 0.008925126008104778
    },
    "0.3|0.3": {
      "ratio_mse": 0.9959375000000001,
      "ratio_rank": 0.9961249999999999,
      "ratio_oracle": 0.9958750000000001,
      "ratio_floor": 0.9838125,
      "advantage": 0.00018749999999978506,
      "tau_mse": 0.06452500163713945,
      "tau_rank": 0.018285435000514317
    },
    "0.3|0.6": {
      "ratio_mse": 0.9956875000000001,
      "ratio_rank": 0.9957499999999999,
      "ratio_oracle": 0.9959375000000001,
      "ratio_floor": 0.9848125,
      "advantage": 6.249999999985434e-05,
      "tau_mse": 0.04919950258659838,
      "tau_rank": 0.015862598779149667
    },
    "0.3|1.0": {
      "ratio_mse": 0.9960625000000001,
      "ratio_rank": 0.9960000000000001,
      "ratio_oracle": 0.9961874999999999,
      "ratio_floor": 0.9855,
      "advantage": -6.249999999996536e-05,
      "tau_mse": 0.029705724459360906,
      "tau_rank": 0.015156544498121333
    },
    "0.3|1.5": {
      "ratio_mse": 0.9961249999999999,
      "ratio_rank": 0.9958125000000001,
      "ratio_oracle": 0.9958749999999998,
      "ratio_floor": 0.9846875,
      "advantage": -0.0003124999999998268,
      "tau_mse": 0.02578201963724629,
      "tau_rank": 0.01466151299130047
    },
    "0.6|0.0": {
      "ratio_mse": 0.9780431403048141,
      "ratio_rank": 0.9777289028799301,
      "ratio_oracle": 0.9779226075079045,
      "ratio_floor": 0.912543915138845,
      "advantage": -0.00031423742488401185,
      "tau_mse": 0.014335386270459063,
      "tau_rank": 0.01511981108832745
    },
    "0.6|0.3": {
      "ratio_mse": 0.9700886618210607,
      "ratio_rank": 0.9782887181289031,
      "ratio_oracle": 0.9781696287131197,
      "ratio_floor": 0.9122055810213616,
      "advantage": 0.008200056307842374,
      "tau_mse": 0.151974236892993,
      "tau_rank": 0.01694340975731999
    },
    "0.6|0.6": {
      "ratio_mse": 0.9683927430697892,
      "ratio_rank": 0.977420513953932,
      "ratio_oracle": 0.9765340999179317,
      "ratio_floor": 0.9145073015090514,
      "advantage": 0.00902777088414286,
      "tau_mse": 0.15155942549527526,
      "tau_rank": 0.01635146809816806
    },
    "0.6|1.0": {
      "ratio_mse": 0.9718725907706064,
      "ratio_rank": 0.9770576913251194,
      "ratio_oracle": 0.9776813622815139,
      "ratio_floor": 0.9130429289010189,
      "advantage": 0.005185100554513045,
      "tau_mse": 0.11902858185082806,
      "tau_rank": 0.016477787239476824
    },
    "0.6|1.5": {
      "ratio_mse": 0.9749045240666726,
      "ratio_rank": 0.9780595365523682,
      "ratio_oracle": 0.975912397002103,
      "ratio_floor": 0.9148595691802874,
      "advantage": 0.0031550124856956074,
      "tau_mse": 0.08588428531504333,
      "tau_rank": 0.01610782944221891
    },
    "1.0|0.0": {
      "ratio_mse": 0.9861767329024058,
      "ratio_rank": 0.9861767329024058,
      "ratio_oracle": 0.9862171435010861,
      "ratio_floor": 0.9455005401443533,
      "advantage": 0.0,
      "tau_mse": 0.057222038983184544,
      "tau_rank": 0.05726241031696122
    },
    "1.0|0.3": {
      "ratio_mse": 0.9761172042191056,
      "ratio_rank": 0.9891020625858239,
      "ratio_oracle": 0.9893490564847033,
      "ratio_floor": 0.9455749372105318,
      "advantage": 0.012984858366718255,
      "tau_mse": 0.2584181718617876,
      "tau_rank": 0.05792546491560574
    },
    "1.0|0.6": {
      "ratio_mse": 0.9751551741038545,
      "ratio_rank": 0.9879496288994417,
      "ratio_oracle": 0.9873530174592243,
      "ratio_floor": 0.9477941262496264,
      "advantage": 0.012794454795587162,
      "tau_mse": 0.25268361641901593,
      "tau_rank": 0.05788816067836509
    },
    "1.0|1.0": {
      "ratio_mse": 0.9780835702331157,
      "ratio_rank": 0.9903392527163944,
      "ratio_oracle": 0.9890621803929417,
      "ratio_floor": 0.9484658910209458,
      "advantage": 0.012255682483278796,
      "tau_mse": 0.21783249920623451,
      "tau_rank": 0.05823477271877482
    },
    "1.0|1.5": {
      "ratio_mse": 0.9791113994949152,
      "ratio_rank": 0.9897295142149105,
      "ratio_oracle": 0.988270776109259,
      "ratio_floor": 0.9497123085178879,
      "advantage": 0.010618114719995297,
      "tau_mse": 0.1671261086859308,
      "tau_rank": 0.057376537337786956
    },
    "1.4|0.0": {
      "ratio_mse": 0.9969909997982216,
      "ratio_rank": 0.9974297050260423,
      "ratio_oracle": 0.9974938557438332,
      "ratio_floor": 0.9827596809091323,
      "advantage": 0.00043870522782074595,
      "tau_mse": 0.18918522092129453,
      "tau_rank": 0.1891862157636329
    },
    "1.4|0.3": {
      "ratio_mse": 0.9981793216564343,
      "ratio_rank": 0.9992632719393283,
      "ratio_oracle": 0.9992632719393283,
      "ratio_floor": 0.9875138580717433,
      "advantage": 0.0010839502828939862,
      "tau_mse": 0.3299547788225409,
      "tau_rank": 0.18867796385677243
    },
    "1.4|0.6": {
      "ratio_mse": 0.996413242209465,
      "ratio_rank": 0.9996913580246914,
      "ratio_oracle": 0.999306742640076,
      "ratio_floor": 0.985232180420654,
      "advantage": 0.0032781158152264123,
      "tau_mse": 0.30462273930413253,
      "tau_rank": 0.1872814481342335
    },
    "1.4|1.0": {
      "ratio_mse": 0.9970676846831642,
      "ratio_rank": 0.99894492308708,
      "ratio_oracle": 0.9981351007255335,
      "ratio_floor": 0.9866868724456654,
      "advantage": 0.0018772384039158485,
      "tau_mse": 0.2595722352111048,
      "tau_rank": 0.18835145961562957
    },
    "1.4|1.5": {
      "ratio_mse": 0.9960667244422297,
      "ratio_rank": 0.9985625441672102,
      "ratio_oracle": 0.9979061076795717,
      "ratio_floor": 0.9833555590753693,
      "advantage": 0.002495819724980586,
      "tau_mse": 0.22773208496747763,
      "tau_rank": 0.18576075905388684
    }
  }
}