{
  "params": {
    "n": 400,
    "exponent": 1.0,
    "noise1": 0.6,
    "noise2": 0.05,
    "n_train_graphs": 6,
    "n_test_graphs": 30
  },
  "ratio": {
    "oracle (true \u03bc*)": [
      0.9888314934655315,
      0.0012870444392035205
    ],
    "MSE-trained": [
      0.9739836391706774,
      0.002260083651601935
    ],
    "rank-trained": [
      0.9886002080303401,
      0.0014416044771570031
    ],
    "f1 only (magnitude)": [
      0.9652468126216901,
      0.0024733888338024767
    ],
    "f2 only (order)": [
      0.9884944280957245,
      0.001490879684753951
    ],
    "Ranking (floor)": [
      0.9472787068579646,
      0.003167894023045727
    ]
  },
  "mse_to_truth": {
    "MSE-trained": [
      33.36780690560872,
      1.3076784527910013
    ],
    "rank-trained": [
      87.55316456857776,
      1.7991773942575615
    ]
  },
  "tau_to_truth": {
    "MSE-trained": [
      0.25453139952732434,
      0.0036462209564399163
    ],
    "rank-trained": [
      0.058195539101739496,
      0.0007737354627360323
    ]
  }
}