{
  "n_types": 200,
  "n_res": 600,
  "deg": 6,
  "M": 600,
  "n_trials": 30,
  "levels": {
    "1 day": {
      "hist_l1": 0.6941060155279939,
      "hist_kendall": 0.38331856126023967,
      "mu_kendall": 0.18879947600335997,
      "mu_l1": 0.48560876842587697,
      "degree": {
        "base": {
          "mean": 0.9230845584935946,
          "ci95": 0.003948254789161446
        },
        "real": {
          "mean": 0.957190472423202,
          "ci95": 0.002857977816965847
        },
        "oracle_forecast": {
          "mean": 0.9732309257602337,
          "ci95": 0.002316073414549525
        },
        "ceiling_mindeg": {
          "mean": 0.9856733363840474,
          "ci95": 0.0020020829572502726
        }
      },
      "gap_capture": 0.6801273110823527,
      "advice": {
        "follow_real": {
          "mean": 0.6765615350561754,
          "ci95": 0.0060855314736219315
        },
        "follow_oracle": {
          "mean": 1.0,
          "ci95": 0.0
        },
        "testmatch_real": {
          "mean": 0.8640790599002844,
          "ci95": 0.0056439278516485876
        },
        "combiner_real": {
          "mean": 0.9230845584935946,
          "ci95": 0.003948254789161446
        }
      }
    },
    "7 days": {
      "hist_l1": 1.1356768332523903,
      "hist_kendall": 0.4493509200033559,
      "mu_kendall": 0.2705156713688709,
      "mu_l1": 0.7772091186668797,
      "degree": {
        "base": {
          "mean": 0.9254436913527218,
          "ci95": 0.003816553667156058
        },
        "real": {
          "mean": 0.9476714262381679,
          "ci95": 0.0034579494544610353
        },
        "oracle_forecast": {
          "mean": 0.9731443246183055,
          "ci95": 0.0025505363492271003
        },
        "ceiling_mindeg": {
          "mean": 0.9857161867972752,
          "ci95": 0.0017667406353742184
        }
      },
      "gap_capture": 0.4659840627626133,
      "advice": {
        "follow_real": {
          "mean": 0.4807132478383781,
          "ci95": 0.007514622114646516
        },
        "follow_oracle": {
          "mean": 1.0,
          "ci95": 0.0
        },
        "testmatch_real": {
          "mean": 0.781128729478059,
          "ci95": 0.004998777075490047
        },
        "combiner_real": {
          "mean": 0.9254436913527218,
          "ci95": 0.003816553667156058
        }
      }
    },
    "30 days": {
      "hist_l1": 1.387804519826084,
      "hist_kendall": 0.48469774310214747,
      "mu_kendall": 0.31483053940459976,
      "mu_l1": 0.9783011348195768,
      "degree": {
        "base": {
          "mean": 0.9249871479963806,
          "ci95": 0.0034542287008435795
        },
        "real": {
          "mean": 0.9383928715085355,
          "ci95": 0.003827482952413414
        },
        "oracle_forecast": {
          "mean": 0.9750306596701733,
          "ci95": 0.002330809254902881
        },
        "ceiling_mindeg": {
          "mean": 0.9884396682510108,
          "ci95": 0.0017079879043392014
        }
      },
      "gap_capture": 0.2678813509239659,
      "advice": {
        "follow_real": {
          "mean": 0.35570992935820184,
          "ci95": 0.0056620917078141755
        },
        "follow_oracle": {
          "mean": 1.0,
          "ci95": 0.0
        },
        "testmatch_real": {
          "mean": 0.7303906040728161,
          "ci95": 0.006663085788539573
        },
        "combiner_real": {
          "mean": 0.9249871479963806,
          "ci95": 0.0034542287008435795
        }
      }
    }
  },
  "cost_ms": {
    "predictor_build": 0.10834671144645351,
    "opt_hopcroft_karp": 5.127217555208416,
    "one_mpd_pass": 0.4338232004859795
  }
}