{
  "random": {
    "Caltech36": {
      "SG": 0.9141617060731035,
      "Rk": 0.9127702756503503,
      "F": 0.7506277569529306,
      "Fg": 0.9386127909508747,
      "J": 0.7854848184529858,
      "Jg": 0.9407968101497645,
      "MPD": 0.9674271249392764,
      "MinDeg": 0.9695598177023851
    },
    "Reed98": {
      "SG": 0.9012733254362852,
      "Rk": 0.905620846749004,
      "F": 0.7456029306908928,
      "Fg": 0.9280999679058424,
      "J": 0.7804464619941853,
      "Jg": 0.9286774003548794,
      "MPD": 0.9549282093327508,
      "MinDeg": 0.9588902888194984
    },
    "CE-GN": {
      "SG": 0.893904136978337,
      "Rk": 0.8942343305841868,
      "F": 0.7576092070821886,
      "Fg": 0.934592401682562,
      "J": 0.7894213509621898,
      "Jg": 0.9368294047866371,
      "MPD": 0.9517853005230195,
      "MinDeg": 0.9536970833455465
    },
    "CE-PG": {
      "SG": 0.8815348813497847,
      "Rk": 0.8817079707392739,
      "F": 0.7903440922632984,
      "Fg": 0.9425718238295988,
      "J": 0.8169011393219148,
      "Jg": 0.9440949027381574,
      "MPD": 0.9565674832351153,
      "MinDeg": 0.9597206544800625
    },
    "beause": {
      "SG": 0.9674812327476591,
      "Rk": 0.9649471892366541,
      "F": 0.733178582919092,
      "Fg": 0.9698644387004337,
      "J": 0.7663294449231118,
      "Jg": 0.9695396855891574,
      "MPD": 0.9995234857995711,
      "MinDeg": 0.9995234857995711
    },
    "mbeaw": {
      "SG": 0.9799095161063391,
      "Rk": 0.9779314838311443,
      "F": 0.7337749415300864,
      "Fg": 0.9803189953095649,
      "J": 0.7661465105813151,
      "Jg": 0.9799105364103897,
      "MPD": 0.9994238683127571,
      "MinDeg": 0.9994238683127571
    }
  },
  "duplicating": {
    "Caltech36": {
      "SG": 0.932876003820855,
      "Rk": 0.9337324038967355,
      "F": 0.7471648437823358,
      "Fg": 0.9521516336476968,
      "J": 0.780806939928284,
      "Jg": 0.9515641615844465,
      "MPD": 0.969886544187386,
      "MinDeg": 0.9724701431612861
    },
    "Reed98": {
      "SG": 0.9335058351967588,
      "Rk": 0.9371823952636626,
      "F": 0.7401744213496806,
      "Fg": 0.9493277351224468,
      "J": 0.7726278712361441,
      "Jg": 0.9481375801361135,
      "MPD": 0.9665754501363841,
      "MinDeg": 0.9673618957828505
    },
    "CE-GN": {
      "SG": 0.83643241224051,
      "Rk": 0.9116939729107759,
      "F": 0.7496221640713293,
      "Fg": 0.928715070777148,
      "J": 0.7824666259026419,
      "Jg": 0.9336195637457031,
      "MPD": 0.9585306165772569,
      "MinDeg": 0.9600545022215905
    },
    "CE-PG": {
      "SG": 0.8012175142427732,
      "Rk": 0.8783928683555294,
      "F": 0.7792261305131513,
      "Fg": 0.91784479547018,
      "J": 0.809306365358599,
      "Jg": 0.9241269739323,
      "MPD": 0.952649198398469,
      "MinDeg": 0.9553016694913141
    },
    "beause": {
      "SG": 0.9815827593555086,
      "Rk": 0.9826923032680375,
      "F": 0.7320087558551162,
      "Fg": 0.9833994608739457,
      "J": 0.7642211507984499,
      "Jg": 0.9829660837073488,
      "MPD": 0.9997237099578237,
      "MinDeg": 0.9997237099578239
    },
    "mbeaw": {
      "SG": 0.9881314168377824,
      "Rk": 0.9893223819301847,
      "F": 0.7303901437371664,
      "Fg": 0.989199178644764,
      "J": 0.7653798767967146,
      "Jg": 0.9898973305954827,
      "MPD": 0.999876796714579,
      "MinDeg": 0.9999589322381931
    }
  }
}