{
  "m": 2500,
  "nb": 40,
  "caps": [
    4,
    16
  ],
  "drift": {
    "perfect": 0.0,
    "same workload\n(conv, older half)": 0.5860770422389755,
    "wrong workload\n(code trace)": 1.2054850663340515
  },
  "by_cap": {
    "4": {
      "perfect": {
        "l1": 0.0,
        "blind": 1.0,
        "adapt": 0.9983697510863764,
        "base": 0.9953042373420814
      },
      "same workload\n(conv, older half)": {
        "l1": 0.5860770422389755,
        "blind": 0.9850876769503975,
        "adapt": 0.997460894396668,
        "base": 0.9941691810617953
      },
      "wrong workload\n(code trace)": {
        "l1": 1.2054850663340515,
        "blind": 0.8481428748770622,
        "adapt": 0.994803305042042,
        "base": 0.9952174929045446
      }
    },
    "16": {
      "perfect": {
        "l1": 0.0,
        "blind": 1.0,
        "adapt": 0.998638027518352,
        "base": 0.9974179446012544
      },
      "same workload\n(conv, older half)": {
        "l1": 0.5860770422389755,
        "blind": 0.9424227032750003,
        "adapt": 0.9975128297887326,
        "base": 0.9974905734243766
      },
      "wrong workload\n(code trace)": {
        "l1": 1.2054850663340515,
        "blind": 0.7410745924144705,
        "adapt": 0.9943809324959889,
        "base": 0.9970275871810194
      }
    }
  }
}