{
  "caps": [
    1,
    2,
    4,
    8,
    16
  ],
  "etas": [
    0.0,
    0.2,
    0.4,
    0.6,
    0.8,
    1.0
  ],
  "grid": {
    "1": {
      "0.0": {
        "blind": 1.0,
        "adapt": 0.9989902448335605,
        "base": 0.9975088907446112,
        "l1": 0.0
      },
      "0.2": {
        "blind": 0.9784349233439571,
        "adapt": 0.99873383457715,
        "base": 0.9975088907446112,
        "l1": 0.26820000000000005
      },
      "0.4": {
        "blind": 0.9654895553884539,
        "adapt": 0.9985039181521117,
        "base": 0.9975088907446112,
        "l1": 0.5411
      },
      "0.6": {
        "blind": 0.9505075227561774,
        "adapt": 0.9979882457777637,
        "base": 0.9975088907446112,
        "l1": 0.8275999999999999
      },
      "0.8": {
        "blind": 0.9091066995214674,
        "adapt": 0.9982305107404928,
        "base": 0.9975088907446112,
        "l1": 1.0858999999999999
      },
      "1.0": {
        "blind": 0.7667526504691405,
        "adapt": 0.9944643739394279,
        "base": 0.9975088907446112,
        "l1": 1.3569000000000002
      }
    },
    "2": {
      "0.0": {
        "blind": 1.0,
        "adapt": 0.9810074727624548,
        "base": 0.9740074752252277,
        "l1": 0.0
      },
      "0.2": {
        "blind": 0.9263178043296888,
        "adapt": 0.9788425847822994,
        "base": 0.9740074752252277,
        "l1": 0.26820000000000005
      },
      "0.4": {
        "blind": 0.8823604146534132,
        "adapt": 0.9767806396507563,
        "base": 0.9740074752252277,
        "l1": 0.5411
      },
      "0.6": {
        "blind": 0.8272036681888086,
        "adapt": 0.9749987294954318,
        "base": 0.9740074752252277,
        "l1": 0.8275999999999999
      },
      "0.8": {
        "blind": 0.748257443211552,
        "adapt": 0.9718877557535783,
        "base": 0.9740074752252277,
        "l1": 1.0858999999999999
      },
      "1.0": {
        "blind": 0.5942164427047589,
        "adapt": 0.9631874926559456,
        "base": 0.9740074752252277,
        "l1": 1.3569000000000002
      }
    },
    "4": {
      "0.0": {
        "blind": 1.0,
        "adapt": 0.9717463109599003,
        "base": 0.9652070555136018,
        "l1": 0.0
      },
      "0.2": {
        "blind": 0.9273951682285179,
        "adapt": 0.9698447060026902,
        "base": 0.9652070555136018,
        "l1": 0.26820000000000005
      },
      "0.4": {
        "blind": 0.841169302547378,
        "adapt": 0.9692488523155376,
        "base": 0.9652070555136018,
        "l1": 0.5411
      },
      "0.6": {
        "blind": 0.747123766928604,
        "adapt": 0.9667800845997799,
        "base": 0.9652070555136018,
        "l1": 0.8275999999999999
      },
      "0.8": {
        "blind": 0.638129847737286,
        "adapt": 0.9593106202839631,
        "base": 0.9652070555136018,
        "l1": 1.0858999999999999
      },
      "1.0": {
        "blind": 0.46788879210097645,
        "adapt": 0.9344315005580783,
        "base": 0.9652070555136018,
        "l1": 1.3569000000000002
      }
    },
    "8": {
      "0.0": {
        "blind": 1.0,
        "adapt": 0.9898719443526599,
        "base": 0.9878975519909454,
        "l1": 0.0
      },
      "0.2": {
        "blind": 0.9207909487592155,
        "adapt": 0.9894831403408927,
        "base": 0.9878975519909454,
        "l1": 0.26820000000000005
      },
      "0.4": {
        "blind": 0.8250517065591325,
        "adapt": 0.9877850587877091,
        "base": 0.9878975519909454,
        "l1": 0.5411
      },
      "0.6": {
        "blind": 0.7042711965496368,
        "adapt": 0.9846177239479847,
        "base": 0.9878975519909454,
        "l1": 0.8275999999999999
      },
      "0.8": {
        "blind": 0.5708544064967012,
        "adapt": 0.9798056031964174,
        "base": 0.9878975519909454,
        "l1": 1.0858999999999999
      },
      "1.0": {
        "blind": 0.40075845988936054,
        "adapt": 0.9492592487846511,
        "base": 0.9878975519909454,
        "l1": 1.3569000000000002
      }
    },
    "16": {
      "0.0": {
        "blind": 1.0,
        "adapt": 0.9965956271937922,
        "base": 0.9948177645599147,
        "l1": 0.0
      },
      "0.2": {
        "blind": 0.9023823082707574,
        "adapt": 0.9961162663415952,
        "base": 0.9948177645599147,
        "l1": 0.26820000000000005
      },
      "0.4": {
        "blind": 0.7885357766148343,
        "adapt": 0.9946534032763066,
        "base": 0.9948177645599147,
        "l1": 0.5411
      },
      "0.6": {
        "blind": 0.6337397393264546,
        "adapt": 0.9918462220619753,
        "base": 0.9948177645599147,
        "l1": 0.8275999999999999
      },
      "0.8": {
        "blind": 0.4941274457585431,
        "adapt": 0.988748252968749,
        "base": 0.9948177645599147,
        "l1": 1.0858999999999999
      },
      "1.0": {
        "blind": 0.3477532290512027,
        "adapt": 0.9488984750566004,
        "base": 0.9948177645599147,
        "l1": 1.3569000000000002
      }
    }
  },
  "params": {
    "n_resources": 200,
    "n_types": 40,
    "deg": 8,
    "m": 800
  }
}