{
  "params": {
    "n_res": 60,
    "deg": 4,
    "capacity": 2,
    "horizon": 80.0,
    "window": 80.0,
    "w_low": 0.3,
    "n_trials": 6,
    "mean_arrivals": 4113.0
  },
  "by_policy": {
    "reactive": {
      "high_viol": [
        0.260504904603887,
        0.013469384665668027
      ],
      "low_drop": [
        0.13474854897201224,
        0.009702358939507716
      ],
      "throughput": [
        0.8168173528505326,
        0.011366179156792553
      ],
      "cost": 0.30092946929549064
    },
    "static=0": {
      "high_viol": [
        0.260504904603887,
        0.013469384665668027
      ],
      "low_drop": [
        0.13474854897201224,
        0.009702358939507716
      ],
      "throughput": [
        0.8168173528505326,
        0.011366179156792553
      ],
      "cost": 0.30092946929549064
    },
    "static=1": {
      "high_viol": [
        0.09731020183335304,
        0.010678415480408836
      ],
      "low_drop": [
        0.35005966278365347,
        0.008135700266672891
      ],
      "throughput": [
        0.7472465543665175,
        0.007557317627981828
      ],
      "cost": 0.20232810066844908
    },
    "static=2": {
      "high_viol": [
        0.06476929556884654,
        0.009093774649157154
      ],
      "low_drop": [
        1.0,
        0.0
      ],
      "throughput": [
        0.36006631908635717,
        0.005388523249811616
      ],
      "cost": 0.3647692955688465
    },
    "reactive-adaptive": {
      "high_viol": [
        0.08219424209473154,
        0.01056841497539918
      ],
      "low_drop": [
        0.39922863276026294,
        0.012016021458797878
      ],
      "throughput": [
        0.7228481213619723,
        0.00579656167881123
      ],
      "cost": 0.20196283192281042
    },
    "clairvoyant": {
      "high_viol": [
        0.07487423793864675,
        0.007810208782733721
      ],
      "low_drop": [
        0.4022606373824826,
        0.010059204273629274
      ],
      "throughput": [
        0.7238156676472083,
        0.0069087602452091185
      ],
      "cost": 0.19555242915339152
    }
  },
  "best_non_predictive": "reactive-adaptive",
  "gap": 0.006410402769418899,
  "relative_gap": 0.031740507440839096
}