{
  "types": 500,
  "drift": {
    "1 day": 0.6755817188223803,
    "7 days": 1.1625163550204878,
    "30 days": 1.4141184881923754
  },
  "caps": [
    2,
    8
  ],
  "M": 3000,
  "by_cap": {
    "2": {
      "1 day": {
        "l1": 0.6755817188223803,
        "blind": 0.71225,
        "adapt": 1.0,
        "base": 1.0
      },
      "7 days": {
        "l1": 1.1625163550204878,
        "blind": 0.6407499999999999,
        "adapt": 1.0,
        "base": 1.0
      },
      "30 days": {
        "l1": 1.4141184881923754,
        "blind": 0.5769166666666667,
        "adapt": 1.0,
        "base": 1.0
      }
    },
    "8": {
      "1 day": {
        "l1": 0.6755817188223803,
        "blind": 0.6285,
        "adapt": 0.9976666666666668,
        "base": 0.9992083333333334
      },
      "7 days": {
        "l1": 1.1625163550204878,
        "blind": 0.4107291666666667,
        "adapt": 0.9963958333333333,
        "base": 0.9991666666666668
      },
      "30 days": {
        "l1": 1.4141184881923754,
        "blind": 0.3015208333333333,
        "adapt": 0.9948750000000001,
        "base": 0.9991249999999999
      }
    }
  }
}